type;run;usage;path;
meta;;report_type;monorun;
meta;0;run_name;run_0;
virtual;0;executable;./measure;
file;0;expert_run;/mnt/c/Users/Rayan/Documents/Développement/AOA/src/../maqao_html/shared/run_0/expert_run.csv;
file;0;expert_loops;/mnt/c/Users/Rayan/Documents/Développement/AOA/src/../maqao_html/shared/run_0/expert_loops.csv;
file;0;config;/mnt/c/Users/Rayan/Documents/Développement/AOA/src/../maqao_html/shared/run_0/config.lua;
file;0;localvars;/mnt/c/Users/Rayan/Documents/Développement/AOA/src/../maqao_html/shared/run_0/local_vars.csv;
dir;0;lprof_dir;/mnt/c/Users/Rayan/Documents/Développement/AOA/src/../maqao_html/shared/lprof_npsu_run_0;
dir;0;cqa_dir;/mnt/c/Users/Rayan/Documents/Développement/AOA/src/../maqao_html/static_data/cqa;
dir;0;sources_dir;/mnt/c/Users/Rayan/Documents/Développement/AOA/src/../maqao_html/static_data/sources;
dir;0;asm_dir;/mnt/c/Users/Rayan/Documents/Développement/AOA/src/../maqao_html/static_data/asm;
dir;0;groups_dir;/mnt/c/Users/Rayan/Documents/Développement/AOA/src/../maqao_html/static_data/groups;
dir;0;hierarchy_dir;/mnt/c/Users/Rayan/Documents/Développement/AOA/src/../maqao_html/static_data/hierarchy;
file;0;global_metrics;/mnt/c/Users/Rayan/Documents/Développement/AOA/src/../maqao_html/shared/run_0/global_metrics.lua;
file;0;categorization;/mnt/c/Users/Rayan/Documents/Développement/AOA/src/../maqao_html/shared/run_0/lprof_categorization.csv;
dir;0;callchains_dir;/mnt/c/Users/Rayan/Documents/Développement/AOA/src/../maqao_html/shared/lprof_npsu_run_0/callchains;
file;0;log;/mnt/c/Users/Rayan/Documents/Développement/AOA/src/../maqao_html/logs/log.txt;
file;0;logs_subdir;/mnt/c/Users/Rayan/Documents/Développement/AOA/src/../maqao_html/logs/run_0;
dir;0;env_dir;/mnt/c/Users/Rayan/Documents/Développement/AOA/src/../maqao_html/shared/run_0/;
